FirstName,LastName,CITY,ID
Fname: 236,Lname: 607,City: 1296,ID: 1148
Fname: 3,Lname: 27,City: 1082,ID: 1350
Fname: 851,Lname: 815,City: 649,ID: 471
Fname: 219,Lname: 716,City: 533,ID: 342
Fname: 396,Lname: 813,City: 153,ID: 956
Fname: 278,Lname: 876,City: 1353,ID: 1037
Fname: 434,Lname: 603,City: 1181,ID: 626
Fname: 1275,Lname: 1478,City: 1216,ID: 1408
Fname: 223,Lname: 732,City: 941,ID: 454
Fname: 256,Lname: 1323,City: 973,ID: 265
Fname: 676,Lname: 601,City: 50,ID: 949
Fname: 707,Lname: 359,City: 1450,ID: 659
Fname: 235,Lname: 1292,City: 837,ID: 117
Fname: 1059,Lname: 399,City: 646,ID: 1238
Fname: 1329,Lname: 1373,City: 939,ID: 1370
Fname: 1382,Lname: 1322,City: 187,ID: 624
Fname: 1210,Lname: 293,City: 161,ID: 109
Fname: 809,Lname: 1057,City: 888,ID: 540
Fname: 1142,Lname: 826,City: 1431,ID: 1223
Fname: 1366,Lname: 647,City: 1005,ID: 1167
Fname: 1205,Lname: 493,City: 383,ID: 1469
Fname: 922,Lname: 515,City: 1463,ID: 568
Fname: 1106,Lname: 302,City: 833,ID: 867
Fname: 951,Lname: 282,City: 505,ID: 1128
Fname: 837,Lname: 602,City: 463,ID: 419
Fname: 712,Lname: 1498,City: 1386,ID: 493
Fname: 1380,Lname: 845,City: 82,ID: 1449
Fname: 109,Lname: 29,City: 1497,ID: 126
Fname: 2,Lname: 171,City: 631,ID: 383
Fname: 563,Lname: 825,City: 906,ID: 1222
Fname: 1286,Lname: 1286,City: 220,ID: 1105
Fname: 663,Lname: 209,City: 1411,ID: 923
Fname: 980,Lname: 174,City: 1157,ID: 907
Fname: 1460,Lname: 501,City: 25,ID: 419
Fname: 619,Lname: 57,City: 1057,ID: 851
Fname: 1402,Lname: 1362,City: 808,ID: 1088
Fname: 1293,Lname: 1002,City: 1240,ID: 1021
Fname: 806,Lname: 1380,City: 1279,ID: 328
Fname: 595,Lname: 1095,City: 908,ID: 204
Fname: 1344,Lname: 176,City: 1345,ID: 1393
Fname: 304,Lname: 30,City: 359,ID: 40
Fname: 1387,Lname: 476,City: 1484,ID: 836
Fname: 1400,Lname: 1112,City: 380,ID: 738
Fname: 532,Lname: 1257,City: 1445,ID: 268
Fname: 1390,Lname: 1000,City: 749,ID: 875
Fname: 152,Lname: 1454,City: 81,ID: 274
Fname: 501,Lname: 119,City: 36,ID: 59
Fname: 519,Lname: 272,City: 991,ID: 362
Fname: 1021,Lname: 461,City: 1440,ID: 571
Fname: 261,Lname: 1388,City: 686,ID: 1197
Fname: 1216,Lname: 318,City: 1306,ID: 320
Fname: 475,Lname: 179,City: 1055,ID: 1380
Fname: 651,Lname: 768,City: 283,ID: 33
Fname: 1019,Lname: 1130,City: 237,ID: 540
Fname: 689,Lname: 1173,City: 716,ID: 1450
Fname: 591,Lname: 1262,City: 965,ID: 1216
Fname: 1470,Lname: 539,City: 1309,ID: 1392
Fname: 714,Lname: 558,City: 1498,ID: 704
Fname: 905,Lname: 640,City: 797,ID: 1367
Fname: 828,Lname: 450,City: 947,ID: 322
Fname: 876,Lname: 1435,City: 1015,ID: 1442
Fname: 229,Lname: 350,City: 752,ID: 375
Fname: 862,Lname: 610,City: 717,ID: 1150
Fname: 769,Lname: 1071,City: 352,ID: 295
Fname: 743,Lname: 318,City: 846,ID: 798
Fname: 108,Lname: 518,City: 1381,ID: 1495
Fname: 759,Lname: 854,City: 678,ID: 340
Fname: 607,Lname: 904,City: 152,ID: 1140
Fname: 1040,Lname: 1033,City: 626,ID: 1183
Fname: 541,Lname: 786,City: 817,ID: 839
Fname: 190,Lname: 268,City: 41,ID: 631
Fname: 761,Lname: 455,City: 518,ID: 1441
Fname: 614,Lname: 962,City: 792,ID: 631
Fname: 356,Lname: 1041,City: 705,ID: 363
Fname: 1488,Lname: 408,City: 886,ID: 1314
Fname: 941,Lname: 270,City: 585,ID: 850
Fname: 51,Lname: 1443,City: 489,ID: 1242
Fname: 1074,Lname: 385,City: 748,ID: 414
Fname: 415,Lname: 1296,City: 419,ID: 58
Fname: 244,Lname: 636,City: 1060,ID: 1491
Fname: 450,Lname: 103,City: 322,ID: 90
Fname: 843,Lname: 121,City: 345,ID: 353
Fname: 467,Lname: 788,City: 561,ID: 765
Fname: 446,Lname: 565,City: 1150,ID: 547
Fname: 65,Lname: 636,City: 452,ID: 928
Fname: 827,Lname: 491,City: 1351,ID: 1138
Fname: 862,Lname: 1241,City: 1085,ID: 334
Fname: 1138,Lname: 872,City: 1078,ID: 411
Fname: 1165,Lname: 199,City: 140,ID: 737
Fname: 1185,Lname: 880,City: 777,ID: 214
Fname: 719,Lname: 600,City: 195,ID: 814
Fname: 1050,Lname: 974,City: 581,ID: 462
Fname: 1289,Lname: 734,City: 1443,ID: 815
Fname: 63,Lname: 1176,City: 424,ID: 1175
Fname: 755,Lname: 407,City: 755,ID: 84
Fname: 916,Lname: 309,City: 534,ID: 173
Fname: 88,Lname: 1052,City: 1157,ID: 1422
Fname: 1497,Lname: 1439,City: 776,ID: 1288
Fname: 415,Lname: 539,City: 1029,ID: 1404
Fname: 1089,Lname: 761,City: 442,ID: 655
Fname: 1425,Lname: 522,City: 723,ID: 217
Fname: 1287,Lname: 736,City: 508,ID: 23
Fname: 386,Lname: 229,City: 849,ID: 889
Fname: 595,Lname: 1176,City: 1423,ID: 183
Fname: 1300,Lname: 1230,City: 1141,ID: 1096
Fname: 545,Lname: 122,City: 899,ID: 893
Fname: 10,Lname: 1420,City: 917,ID: 220
Fname: 873,Lname: 995,City: 1376,ID: 1219
Fname: 667,Lname: 317,City: 225,ID: 881
Fname: 775,Lname: 351,City: 403,ID: 504
Fname: 976,Lname: 897,City: 1067,ID: 1373
Fname: 1417,Lname: 472,City: 284,ID: 760
Fname: 123,Lname: 1271,City: 563,ID: 205
Fname: 1175,Lname: 1449,City: 279,ID: 1221
Fname: 930,Lname: 507,City: 125,ID: 576
Fname: 687,Lname: 53,City: 139,ID: 333
Fname: 273,Lname: 598,City: 510,ID: 974
Fname: 650,Lname: 614,City: 1067,ID: 768
Fname: 1176,Lname: 3,City: 966,ID: 263
Fname: 524,Lname: 659,City: 60,ID: 787
Fname: 990,Lname: 752,City: 613,ID: 773
Fname: 502,Lname: 880,City: 948,ID: 574
Fname: 1410,Lname: 193,City: 1241,ID: 1127
Fname: 691,Lname: 660,City: 1390,ID: 65
Fname: 1242,Lname: 604,City: 857,ID: 850
Fname: 278,Lname: 776,City: 1475,ID: 617
Fname: 313,Lname: 1117,City: 257,ID: 1088
Fname: 1090,Lname: 521,City: 1333,ID: 868
Fname: 102,Lname: 1058,City: 927,ID: 350
Fname: 419,Lname: 1109,City: 690,ID: 419
Fname: 787,Lname: 238,City: 1181,ID: 229
Fname: 635,Lname: 245,City: 1364,ID: 289
Fname: 257,Lname: 108,City: 893,ID: 1277
Fname: 235,Lname: 709,City: 13,ID: 531
Fname: 1176,Lname: 974,City: 1139,ID: 1168
Fname: 248,Lname: 1210,City: 1085,ID: 1287
Fname: 1246,Lname: 622,City: 1228,ID: 299
Fname: 192,Lname: 919,City: 85,ID: 91
Fname: 318,Lname: 1359,City: 66,ID: 551
Fname: 811,Lname: 187,City: 187,ID: 1251
Fname: 1383,Lname: 415,City: 1176,ID: 434
Fname: 1188,Lname: 1007,City: 1410,ID: 968
Fname: 1011,Lname: 275,City: 1167,ID: 207
Fname: 329,Lname: 1287,City: 472,ID: 615
Fname: 1173,Lname: 1390,City: 1307,ID: 1445
Fname: 911,Lname: 339,City: 295,ID: 367
Fname: 1080,Lname: 362,City: 859,ID: 1076
Fname: 316,Lname: 644,City: 203,ID: 1216
Fname: 846,Lname: 454,City: 1214,ID: 513
Fname: 414,Lname: 1161,City: 1309,ID: 293
Fname: 1421,Lname: 298,City: 436,ID: 315
Fname: 233,Lname: 978,City: 1204,ID: 1134
Fname: 367,Lname: 537,City: 328,ID: 1414
Fname: 177,Lname: 100,City: 1442,ID: 602
Fname: 808,Lname: 791,City: 1064,ID: 347
Fname: 178,Lname: 1477,City: 295,ID: 753
Fname: 1197,Lname: 1125,City: 1011,ID: 1158
Fname: 665,Lname: 844,City: 474,ID: 1448
Fname: 786,Lname: 1376,City: 958,ID: 1185
Fname: 1105,Lname: 493,City: 993,ID: 1478
Fname: 340,Lname: 741,City: 514,ID: 771
Fname: 815,Lname: 1154,City: 1192,ID: 1436
Fname: 433,Lname: 632,City: 1385,ID: 324
Fname: 315,Lname: 373,City: 1141,ID: 359
Fname: 1179,Lname: 91,City: 67,ID: 785
Fname: 1207,Lname: 730,City: 721,ID: 607
Fname: 192,Lname: 1252,City: 1457,ID: 1174
Fname: 712,Lname: 712,City: 209,ID: 569
Fname: 113,Lname: 860,City: 1255,ID: 192
Fname: 684,Lname: 1485,City: 723,ID: 957
Fname: 1332,Lname: 975,City: 279,ID: 123
Fname: 584,Lname: 1109,City: 1075,ID: 640
Fname: 836,Lname: 950,City: 163,ID: 53
Fname: 931,Lname: 223,City: 203,ID: 1397
Fname: 1316,Lname: 1342,City: 1361,ID: 373
Fname: 1394,Lname: 26,City: 1099,ID: 1454
Fname: 1090,Lname: 887,City: 596,ID: 1111
Fname: 1336,Lname: 530,City: 1104,ID: 498
Fname: 188,Lname: 1248,City: 482,ID: 840
Fname: 1380,Lname: 700,City: 751,ID: 562
Fname: 939,Lname: 893,City: 225,ID: 63
Fname: 1177,Lname: 788,City: 260,ID: 983
Fname: 240,Lname: 1288,City: 606,ID: 767
Fname: 100,Lname: 1081,City: 588,ID: 862
Fname: 319,Lname: 941,City: 577,ID: 515
Fname: 377,Lname: 1096,City: 380,ID: 1070
Fname: 1374,Lname: 522,City: 1238,ID: 1302
Fname: 189,Lname: 12,City: 489,ID: 334
Fname: 1117,Lname: 916,City: 264,ID: 154
Fname: 1436,Lname: 278,City: 106,ID: 1032
Fname: 630,Lname: 1192,City: 733,ID: 587
Fname: 1004,Lname: 1213,City: 656,ID: 112
Fname: 844,Lname: 1060,City: 1280,ID: 551
Fname: 971,Lname: 1141,City: 381,ID: 9
Fname: 1041,Lname: 144,City: 776,ID: 38
Fname: 773,Lname: 1468,City: 797,ID: 1058
Fname: 1317,Lname: 338,City: 534,ID: 514
Fname: 1394,Lname: 921,City: 669,ID: 897
Fname: 1003,Lname: 1162,City: 1412,ID: 1459
Fname: 864,Lname: 327,City: 26,ID: 1093
Fname: 91,Lname: 433,City: 321,ID: 242
Fname: 1205,Lname: 367,City: 24,ID: 1485
Fname: 937,Lname: 402,City: 298,ID: 884
Fname: 63,Lname: 894,City: 1302,ID: 583
Fname: 379,Lname: 1392,City: 1260,ID: 1441
Fname: 455,Lname: 885,City: 1055,ID: 398
Fname: 230,Lname: 1003,City: 914,ID: 1479
Fname: 472,Lname: 472,City: 1426,ID: 1458
Fname: 1406,Lname: 197,City: 164,ID: 302
Fname: 1203,Lname: 294,City: 1109,ID: 610
Fname: 822,Lname: 23,City: 918,ID: 1106
Fname: 238,Lname: 208,City: 1255,ID: 1324
Fname: 143,Lname: 392,City: 1407,ID: 911
Fname: 627,Lname: 201,City: 71,ID: 1373
Fname: 817,Lname: 1429,City: 553,ID: 467
Fname: 134,Lname: 606,City: 526,ID: 51
Fname: 855,Lname: 653,City: 1228,ID: 500
Fname: 335,Lname: 914,City: 1056,ID: 966
Fname: 991,Lname: 773,City: 1199,ID: 226
Fname: 367,Lname: 1458,City: 806,ID: 1426
Fname: 753,Lname: 1447,City: 1294,ID: 316
Fname: 777,Lname: 462,City: 243,ID: 61
Fname: 3,Lname: 276,City: 1392,ID: 743
Fname: 803,Lname: 797,City: 855,ID: 753
Fname: 622,Lname: 762,City: 822,ID: 486
Fname: 204,Lname: 603,City: 1182,ID: 571
Fname: 1468,Lname: 907,City: 604,ID: 483
Fname: 220,Lname: 1057,City: 1218,ID: 251
Fname: 1282,Lname: 1047,City: 899,ID: 1335
Fname: 1279,Lname: 107,City: 1155,ID: 1449
Fname: 1250,Lname: 747,City: 392,ID: 3
Fname: 414,Lname: 244,City: 1412,ID: 1446
Fname: 160,Lname: 1150,City: 378,ID: 653
Fname: 935,Lname: 67,City: 923,ID: 389
Fname: 45,Lname: 108,City: 1065,ID: 797
Fname: 280,Lname: 1410,City: 577,ID: 564
Fname: 1129,Lname: 592,City: 184,ID: 181
Fname: 676,Lname: 129,City: 1109,ID: 570
Fname: 363,Lname: 1446,City: 674,ID: 81
Fname: 441,Lname: 592,City: 965,ID: 1362
Fname: 1218,Lname: 1168,City: 1217,ID: 906
Fname: 872,Lname: 416,City: 455,ID: 1023
Fname: 1298,Lname: 185,City: 418,ID: 1354
Fname: 1058,Lname: 1019,City: 76,ID: 720
Fname: 766,Lname: 621,City: 851,ID: 747
Fname: 753,Lname: 654,City: 1381,ID: 821
Fname: 444,Lname: 1492,City: 974,ID: 1398
Fname: 867,Lname: 47,City: 1215,ID: 1490
Fname: 52,Lname: 495,City: 1436,ID: 291
Fname: 1205,Lname: 321,City: 1124,ID: 105
Fname: 178,Lname: 1451,City: 113,ID: 163
Fname: 637,Lname: 227,City: 1282,ID: 260
Fname: 755,Lname: 911,City: 167,ID: 883
Fname: 1191,Lname: 752,City: 307,ID: 1041
Fname: 253,Lname: 831,City: 1196,ID: 1256
Fname: 959,Lname: 124,City: 434,ID: 242
Fname: 157,Lname: 960,City: 298,ID: 210
Fname: 979,Lname: 1167,City: 1434,ID: 112
Fname: 483,Lname: 313,City: 1232,ID: 605
Fname: 813,Lname: 254,City: 1380,ID: 1213
Fname: 287,Lname: 977,City: 757,ID: 1283
Fname: 624,Lname: 112,City: 624,ID: 1030
Fname: 670,Lname: 488,City: 544,ID: 933
Fname: 1030,Lname: 464,City: 49,ID: 1338
Fname: 452,Lname: 668,City: 1006,ID: 415
Fname: 1104,Lname: 963,City: 1450,ID: 47
Fname: 1013,Lname: 173,City: 564,ID: 1423
Fname: 170,Lname: 78,City: 1160,ID: 308
Fname: 1379,Lname: 582,City: 1378,ID: 1250
Fname: 92,Lname: 502,City: 1272,ID: 1392
Fname: 179,Lname: 316,City: 64,ID: 1327
Fname: 1006,Lname: 1228,City: 1177,ID: 350
Fname: 716,Lname: 1051,City: 1227,ID: 303
Fname: 615,Lname: 1329,City: 622,ID: 1430
Fname: 1233,Lname: 1113,City: 593,ID: 344
Fname: 809,Lname: 10,City: 463,ID: 586
Fname: 47,Lname: 247,City: 1215,ID: 643
Fname: 390,Lname: 1374,City: 1495,ID: 753
Fname: 735,Lname: 514,City: 404,ID: 1457
Fname: 1191,Lname: 379,City: 943,ID: 980
Fname: 1425,Lname: 1194,City: 1255,ID: 376
Fname: 1421,Lname: 1167,City: 107,ID: 225
Fname: 1285,Lname: 543,City: 908,ID: 713
Fname: 536,Lname: 212,City: 973,ID: 648
Fname: 1450,Lname: 244,City: 95,ID: 1167
Fname: 441,Lname: 477,City: 736,ID: 838
Fname: 1075,Lname: 414,City: 958,ID: 1144
Fname: 533,Lname: 1300,City: 1283,ID: 1307
Fname: 96,Lname: 619,City: 426,ID: 273
Fname: 1475,Lname: 567,City: 142,ID: 1132
Fname: 99,Lname: 1498,City: 581,ID: 702
Fname: 68,Lname: 1276,City: 313,ID: 1055
Fname: 168,Lname: 450,City: 177,ID: 332
Fname: 911,Lname: 104,City: 994,ID: 1277
Fname: 1285,Lname: 621,City: 362,ID: 368
Fname: 1143,Lname: 636,City: 460,ID: 1111
Fname: 790,Lname: 1252,City: 843,ID: 709
Fname: 837,Lname: 343,City: 320,ID: 893
Fname: 776,Lname: 169,City: 704,ID: 149
Fname: 844,Lname: 73,City: 68,ID: 323
Fname: 81,Lname: 424,City: 1301,ID: 1080
Fname: 12,Lname: 229,City: 711,ID: 343
Fname: 1399,Lname: 690,City: 1107,ID: 889
Fname: 218,Lname: 1181,City: 692,ID: 411
Fname: 952,Lname: 1190,City: 43,ID: 225
Fname: 256,Lname: 1342,City: 1033,ID: 1344
Fname: 536,Lname: 1388,City: 846,ID: 1154
Fname: 762,Lname: 647,City: 854,ID: 395
Fname: 1227,Lname: 1153,City: 495,ID: 593
Fname: 261,Lname: 1443,City: 58,ID: 437
Fname: 1066,Lname: 1237,City: 721,ID: 47
Fname: 719,Lname: 1443,City: 858,ID: 964
Fname: 371,Lname: 102,City: 1419,ID: 1281
Fname: 1152,Lname: 651,City: 645,ID: 1329
Fname: 85,Lname: 392,City: 336,ID: 143
Fname: 718,Lname: 388,City: 128,ID: 79
Fname: 1188,Lname: 314,City: 883,ID: 1184
Fname: 18,Lname: 1484,City: 1208,ID: 81
Fname: 916,Lname: 616,City: 918,ID: 745
Fname: 619,Lname: 1379,City: 255,ID: 1466
Fname: 12,Lname: 1152,City: 940,ID: 714
Fname: 1211,Lname: 1455,City: 1007,ID: 1439
Fname: 1378,Lname: 33,City: 1024,ID: 766
Fname: 1269,Lname: 142,City: 345,ID: 1487
Fname: 735,Lname: 632,City: 1141,ID: 749
Fname: 165,Lname: 1399,City: 1151,ID: 1142
Fname: 349,Lname: 1079,City: 1262,ID: 819
Fname: 829,Lname: 1382,City: 731,ID: 1326
Fname: 269,Lname: 1178,City: 248,ID: 359
Fname: 453,Lname: 926,City: 1,ID: 424
Fname: 648,Lname: 203,City: 1159,ID: 599
Fname: 1095,Lname: 1492,City: 882,ID: 269
Fname: 1076,Lname: 1317,City: 1405,ID: 1265
Fname: 24,Lname: 738,City: 210,ID: 1114
Fname: 82,Lname: 155,City: 1230,ID: 175
Fname: 942,Lname: 1323,City: 283,ID: 1461
Fname: 429,Lname: 1111,City: 915,ID: 717
Fname: 1125,Lname: 264,City: 1082,ID: 1112
Fname: 669,Lname: 1156,City: 169,ID: 75
Fname: 151,Lname: 274,City: 1415,ID: 1485
Fname: 20,Lname: 1446,City: 1116,ID: 757
Fname: 1467,Lname: 647,City: 1323,ID: 682
Fname: 126,Lname: 927,City: 1144,ID: 1494
Fname: 287,Lname: 1104,City: 987,ID: 304
Fname: 721,Lname: 1425,City: 472,ID: 172
Fname: 384,Lname: 741,City: 410,ID: 539
Fname: 1309,Lname: 1446,City: 785,ID: 1167
Fname: 1025,Lname: 927,City: 784,ID: 25
Fname: 518,Lname: 548,City: 620,ID: 351
Fname: 466,Lname: 747,City: 772,ID: 768
Fname: 783,Lname: 1362,City: 859,ID: 736
Fname: 1137,Lname: 1284,City: 751,ID: 219
Fname: 359,Lname: 262,City: 1218,ID: 1085
Fname: 1309,Lname: 88,City: 495,ID: 873
Fname: 172,Lname: 1280,City: 1332,ID: 1102
Fname: 343,Lname: 692,City: 298,ID: 1495
Fname: 975,Lname: 306,City: 143,ID: 688
Fname: 1430,Lname: 705,City: 686,ID: 905
Fname: 661,Lname: 256,City: 645,ID: 1357
Fname: 321,Lname: 578,City: 682,ID: 1238
Fname: 1457,Lname: 1251,City: 48,ID: 1030
Fname: 272,Lname: 1124,City: 1024,ID: 769
Fname: 754,Lname: 2,City: 544,ID: 1257
Fname: 714,Lname: 1398,City: 870,ID: 1108
Fname: 1198,Lname: 793,City: 1356,ID: 1044
Fname: 877,Lname: 1444,City: 1078,ID: 208
Fname: 4,Lname: 863,City: 1298,ID: 840
Fname: 314,Lname: 125,City: 1040,ID: 1384
Fname: 1489,Lname: 875,City: 1361,ID: 1231
Fname: 606,Lname: 216,City: 1101,ID: 1374
Fname: 690,Lname: 451,City: 595,ID: 722
Fname: 1441,Lname: 81,City: 394,ID: 1242
Fname: 70,Lname: 86,City: 639,ID: 758
Fname: 233,Lname: 127,City: 1395,ID: 830
Fname: 1222,Lname: 731,City: 1469,ID: 707
Fname: 275,Lname: 345,City: 124,ID: 47
Fname: 663,Lname: 172,City: 1443,ID: 1325
Fname: 40,Lname: 876,City: 1236,ID: 1259
Fname: 359,Lname: 36,City: 768,ID: 470
Fname: 1161,Lname: 968,City: 989,ID: 1497
Fname: 251,Lname: 997,City: 1466,ID: 727
Fname: 130,Lname: 26,City: 678,ID: 1069
Fname: 365,Lname: 797,City: 1450,ID: 1463
Fname: 1120,Lname: 1402,City: 1078,ID: 170
Fname: 115,Lname: 951,City: 447,ID: 84
Fname: 395,Lname: 478,City: 98,ID: 641
Fname: 1340,Lname: 1363,City: 179,ID: 877
Fname: 193,Lname: 786,City: 422,ID: 617
Fname: 2,Lname: 500,City: 818,ID: 1177
Fname: 163,Lname: 1065,City: 764,ID: 488
Fname: 613,Lname: 1416,City: 400,ID: 51
Fname: 1094,Lname: 1360,City: 1234,ID: 1255
Fname: 377,Lname: 68,City: 341,ID: 137
Fname: 670,Lname: 525,City: 1438,ID: 972
Fname: 25,Lname: 329,City: 789,ID: 498
Fname: 867,Lname: 888,City: 1258,ID: 1339
Fname: 1218,Lname: 1496,City: 516,ID: 951
Fname: 817,Lname: 532,City: 120,ID: 1479
Fname: 239,Lname: 1354,City: 18,ID: 1101
Fname: 865,Lname: 798,City: 504,ID: 232
Fname: 1308,Lname: 951,City: 1045,ID: 349
Fname: 369,Lname: 739,City: 1449,ID: 606
Fname: 437,Lname: 1220,City: 852,ID: 656
Fname: 276,Lname: 769,City: 1141,ID: 546
Fname: 1031,Lname: 1371,City: 547,ID: 346
Fname: 388,Lname: 442,City: 1436,ID: 1107
Fname: 1408,Lname: 150,City: 1077,ID: 1412
Fname: 440,Lname: 394,City: 1003,ID: 230
Fname: 1429,Lname: 509,City: 158,ID: 1264
Fname: 53,Lname: 1162,City: 1411,ID: 673
Fname: 3,Lname: 1023,City: 668,ID: 1252
Fname: 394,Lname: 1038,City: 740,ID: 1069
Fname: 1380,Lname: 1116,City: 1372,ID: 192
Fname: 107,Lname: 1038,City: 207,ID: 783
Fname: 75,Lname: 412,City: 946,ID: 945
Fname: 1421,Lname: 362,City: 326,ID: 1079
Fname: 881,Lname: 720,City: 1159,ID: 1359
Fname: 35,Lname: 589,City: 177,ID: 765
Fname: 1439,Lname: 735,City: 1040,ID: 457
Fname: 50,Lname: 152,City: 980,ID: 541
Fname: 206,Lname: 594,City: 87,ID: 498
Fname: 714,Lname: 1160,City: 1044,ID: 479
Fname: 1379,Lname: 394,City: 506,ID: 49
Fname: 624,Lname: 406,City: 752,ID: 1032
Fname: 25,Lname: 702,City: 1018,ID: 892
Fname: 516,Lname: 577,City: 44,ID: 467
Fname: 724,Lname: 886,City: 1200,ID: 1435
Fname: 230,Lname: 930,City: 1169,ID: 6
Fname: 491,Lname: 686,City: 134,ID: 834
Fname: 1206,Lname: 1282,City: 521,ID: 428
Fname: 471,Lname: 1008,City: 468,ID: 1160
Fname: 1411,Lname: 893,City: 660,ID: 829
Fname: 1303,Lname: 269,City: 244,ID: 795
Fname: 1236,Lname: 357,City: 19,ID: 876
Fname: 1397,Lname: 1139,City: 417,ID: 533
Fname: 922,Lname: 695,City: 1281,ID: 785
Fname: 830,Lname: 870,City: 704,ID: 793
Fname: 278,Lname: 1411,City: 824,ID: 189
Fname: 31,Lname: 1092,City: 1294,ID: 221
Fname: 309,Lname: 1342,City: 1446,ID: 297
Fname: 580,Lname: 108,City: 1375,ID: 1267
Fname: 100,Lname: 1393,City: 1221,ID: 1327
Fname: 704,Lname: 273,City: 1217,ID: 936
Fname: 81,Lname: 1199,City: 538,ID: 842
Fname: 1409,Lname: 759,City: 980,ID: 1304
Fname: 1161,Lname: 1270,City: 1115,ID: 1151
Fname: 502,Lname: 1492,City: 1165,ID: 909
Fname: 569,Lname: 764,City: 1243,ID: 1199
Fname: 232,Lname: 537,City: 301,ID: 684
Fname: 829,Lname: 1215,City: 44,ID: 1070
Fname: 1241,Lname: 11,City: 25,ID: 1448
Fname: 549,Lname: 134,City: 930,ID: 619
Fname: 829,Lname: 1169,City: 1464,ID: 451
Fname: 642,Lname: 545,City: 1384,ID: 1489
Fname: 1246,Lname: 454,City: 794,ID: 1387
Fname: 242,Lname: 45,City: 442,ID: 999
Fname: 1080,Lname: 1040,City: 1154,ID: 840
Fname: 252,Lname: 1029,City: 1243,ID: 241
Fname: 626,Lname: 774,City: 1477,ID: 1333
Fname: 84,Lname: 1153,City: 1422,ID: 765
Fname: 81,Lname: 860,City: 397,ID: 417
Fname: 408,Lname: 962,City: 939,ID: 454
Fname: 505,Lname: 788,City: 1053,ID: 31
Fname: 299,Lname: 1339,City: 539,ID: 990
Fname: 686,Lname: 425,City: 1223,ID: 1182
Fname: 327,Lname: 4,City: 130,ID: 1010
Fname: 1045,Lname: 1251,City: 581,ID: 177
Fname: 32,Lname: 174,City: 53,ID: 241
Fname: 141,Lname: 1394,City: 1450,ID: 200
Fname: 1058,Lname: 234,City: 659,ID: 595
Fname: 842,Lname: 701,City: 462,ID: 1392
Fname: 1354,Lname: 87,City: 439,ID: 371
Fname: 162,Lname: 552,City: 265,ID: 53
Fname: 502,Lname: 1020,City: 14,ID: 1099
Fname: 256,Lname: 1300,City: 558,ID: 1317
Fname: 881,Lname: 1168,City: 1097,ID: 203
Fname: 955,Lname: 621,City: 116,ID: 128
Fname: 616,Lname: 659,City: 560,ID: 328
Fname: 435,Lname: 1438,City: 875,ID: 722
Fname: 392,Lname: 983,City: 373,ID: 711
Fname: 971,Lname: 1187,City: 1094,ID: 221
Fname: 1232,Lname: 847,City: 753,ID: 345
Fname: 1107,Lname: 1325,City: 1065,ID: 454
Fname: 167,Lname: 647,City: 24,ID: 881
Fname: 812,Lname: 1116,City: 594,ID: 1197
Fname: 1262,Lname: 1090,City: 29,ID: 569
Fname: 1239,Lname: 835,City: 1250,ID: 1224
Fname: 481,Lname: 170,City: 496,ID: 222
Fname: 137,Lname: 952,City: 16,ID: 1134
Fname: 1255,Lname: 638,City: 933,ID: 934
Fname: 1251,Lname: 1321,City: 776,ID: 87
Fname: 823,Lname: 646,City: 1432,ID: 587
Fname: 1066,Lname: 1054,City: 1147,ID: 775
Fname: 437,Lname: 703,City: 521,ID: 588
Fname: 632,Lname: 318,City: 637,ID: 244
Fname: 170,Lname: 628,City: 139,ID: 421
Fname: 1498,Lname: 354,City: 424,ID: 773
Fname: 1476,Lname: 735,City: 332,ID: 923
Fname: 1479,Lname: 730,City: 580,ID: 413
Fname: 1487,Lname: 770,City: 31,ID: 592
Fname: 91,Lname: 278,City: 320,ID: 312
Fname: 95,Lname: 821,City: 580,ID: 30
Fname: 1376,Lname: 74,City: 245,ID: 916
Fname: 658,Lname: 434,City: 151,ID: 924
Fname: 1353,Lname: 985,City: 187,ID: 671
Fname: 1237,Lname: 1116,City: 837,ID: 880
Fname: 71,Lname: 1143,City: 274,ID: 345
Fname: 741,Lname: 289,City: 1022,ID: 455
Fname: 755,Lname: 384,City: 448,ID: 1147
Fname: 614,Lname: 129,City: 472,ID: 1091
Fname: 180,Lname: 1261,City: 400,ID: 855
Fname: 503,Lname: 1213,City: 566,ID: 1388
Fname: 404,Lname: 358,City: 899,ID: 28
Fname: 1499,Lname: 232,City: 73,ID: 162
Fname: 71,Lname: 590,City: 182,ID: 856
Fname: 1278,Lname: 1148,City: 1220,ID: 461
Fname: 277,Lname: 1326,City: 789,ID: 965
Fname: 1314,Lname: 932,City: 237,ID: 449
Fname: 837,Lname: 274,City: 1256,ID: 1500
Fname: 792,Lname: 1009,City: 1162,ID: 493
Fname: 1265,Lname: 463,City: 1005,ID: 1097
Fname: 141,Lname: 1079,City: 439,ID: 65
Fname: 1240,Lname: 1029,City: 916,ID: 1357
Fname: 133,Lname: 1489,City: 771,ID: 526
Fname: 1074,Lname: 359,City: 450,ID: 33
Fname: 471,Lname: 198,City: 292,ID: 379
Fname: 466,Lname: 254,City: 1282,ID: 357
Fname: 636,Lname: 707,City: 60,ID: 681
Fname: 954,Lname: 576,City: 1457,ID: 1425
Fname: 467,Lname: 349,City: 654,ID: 871
Fname: 915,Lname: 1297,City: 979,ID: 609
Fname: 1438,Lname: 561,City: 1111,ID: 1463
Fname: 991,Lname: 53,City: 957,ID: 921
Fname: 594,Lname: 165,City: 353,ID: 561
Fname: 760,Lname: 1387,City: 1055,ID: 1192
Fname: 1219,Lname: 1179,City: 2,ID: 526
Fname: 359,Lname: 298,City: 731,ID: 716
Fname: 1222,Lname: 1442,City: 530,ID: 1464
Fname: 1206,Lname: 982,City: 1322,ID: 414
Fname: 505,Lname: 1352,City: 1008,ID: 423
Fname: 367,Lname: 1087,City: 146,ID: 1093
Fname: 1291,Lname: 429,City: 323,ID: 608
Fname: 128,Lname: 1364,City: 710,ID: 572
Fname: 772,Lname: 956,City: 293,ID: 279
Fname: 1414,Lname: 801,City: 1485,ID: 1207
Fname: 16,Lname: 1245,City: 1379,ID: 1409
Fname: 350,Lname: 822,City: 127,ID: 1253
Fname: 438,Lname: 477,City: 633,ID: 629
Fname: 390,Lname: 16,City: 854,ID: 791
Fname: 135,Lname: 662,City: 885,ID: 1259
Fname: 534,Lname: 1402,City: 549,ID: 102
Fname: 153,Lname: 372,City: 93,ID: 527
Fname: 439,Lname: 649,City: 185,ID: 451
Fname: 1281,Lname: 165,City: 864,ID: 190
Fname: 1217,Lname: 329,City: 911,ID: 981
Fname: 114,Lname: 102,City: 369,ID: 1127
Fname: 691,Lname: 1200,City: 162,ID: 755
Fname: 992,Lname: 1371,City: 796,ID: 1456
Fname: 1116,Lname: 665,City: 1363,ID: 604
Fname: 1376,Lname: 224,City: 1304,ID: 474
Fname: 266,Lname: 804,City: 1168,ID: 1160
Fname: 879,Lname: 969,City: 1320,ID: 1071
Fname: 1307,Lname: 470,City: 611,ID: 1067
Fname: 926,Lname: 782,City: 1050,ID: 596
Fname: 33,Lname: 1270,City: 133,ID: 1491
Fname: 651,Lname: 1114,City: 764,ID: 119
Fname: 638,Lname: 703,City: 1414,ID: 538
Fname: 403,Lname: 3,City: 1350,ID: 1263
Fname: 601,Lname: 508,City: 1153,ID: 980
Fname: 153,Lname: 745,City: 965,ID: 197
Fname: 1469,Lname: 567,City: 1277,ID: 580
Fname: 533,Lname: 602,City: 1185,ID: 95
Fname: 201,Lname: 544,City: 1417,ID: 1500
Fname: 1197,Lname: 1461,City: 965,ID: 380
Fname: 373,Lname: 390,City: 369,ID: 378
Fname: 127,Lname: 981,City: 876,ID: 37
Fname: 671,Lname: 1165,City: 930,ID: 185
Fname: 872,Lname: 172,City: 900,ID: 329
Fname: 1045,Lname: 1039,City: 51,ID: 1080
Fname: 1316,Lname: 606,City: 1016,ID: 1361
Fname: 308,Lname: 315,City: 1335,ID: 72
Fname: 518,Lname: 409,City: 668,ID: 605
Fname: 332,Lname: 205,City: 718,ID: 1358
Fname: 380,Lname: 107,City: 1215,ID: 1275
Fname: 1219,Lname: 478,City: 781,ID: 445
Fname: 130,Lname: 174,City: 1074,ID: 1078
Fname: 877,Lname: 15,City: 730,ID: 580
Fname: 1334,Lname: 132,City: 498,ID: 72
Fname: 968,Lname: 1352,City: 1248,ID: 1271
Fname: 51,Lname: 779,City: 456,ID: 842
Fname: 32,Lname: 753,City: 1197,ID: 152
Fname: 807,Lname: 555,City: 1373,ID: 298
Fname: 281,Lname: 1080,City: 688,ID: 463
Fname: 1416,Lname: 313,City: 926,ID: 1309
Fname: 1446,Lname: 1377,City: 1372,ID: 322
Fname: 1373,Lname: 789,City: 553,ID: 503
Fname: 744,Lname: 845,City: 639,ID: 761
Fname: 250,Lname: 721,City: 1419,ID: 1122
Fname: 1471,Lname: 809,City: 279,ID: 272
Fname: 966,Lname: 548,City: 427,ID: 1134
Fname: 855,Lname: 77,City: 462,ID: 504
Fname: 402,Lname: 35,City: 1018,ID: 360
Fname: 1291,Lname: 17,City: 1137,ID: 1480
Fname: 274,Lname: 1049,City: 1389,ID: 8
Fname: 1326,Lname: 208,City: 657,ID: 1154
Fname: 264,Lname: 889,City: 343,ID: 849
Fname: 1109,Lname: 173,City: 765,ID: 31
Fname: 864,Lname: 1186,City: 1201,ID: 1152
Fname: 403,Lname: 1492,City: 468,ID: 373
Fname: 245,Lname: 603,City: 834,ID: 275
Fname: 1168,Lname: 161,City: 795,ID: 1264
Fname: 112,Lname: 192,City: 560,ID: 1220
Fname: 174,Lname: 593,City: 200,ID: 590
Fname: 1399,Lname: 482,City: 160,ID: 1392
Fname: 743,Lname: 45,City: 694,ID: 970
Fname: 1379,Lname: 278,City: 1416,ID: 957
Fname: 301,Lname: 1359,City: 688,ID: 1495
Fname: 260,Lname: 929,City: 1185,ID: 925
Fname: 482,Lname: 264,City: 580,ID: 515
Fname: 1476,Lname: 1200,City: 271,ID: 504
Fname: 298,Lname: 518,City: 522,ID: 82
Fname: 1323,Lname: 696,City: 1218,ID: 501
Fname: 175,Lname: 253,City: 377,ID: 313
Fname: 682,Lname: 563,City: 783,ID: 928
Fname: 310,Lname: 659,City: 224,ID: 1443
Fname: 1451,Lname: 1422,City: 1223,ID: 739
Fname: 342,Lname: 1283,City: 1474,ID: 827
Fname: 192,Lname: 1340,City: 917,ID: 1019
Fname: 1452,Lname: 603,City: 620,ID: 361
Fname: 769,Lname: 64,City: 836,ID: 247
Fname: 1385,Lname: 816,City: 26,ID: 245
Fname: 190,Lname: 69,City: 149,ID: 877
Fname: 1178,Lname: 114,City: 73,ID: 986
Fname: 1077,Lname: 1103,City: 1108,ID: 1288
Fname: 235,Lname: 706,City: 1228,ID: 247
Fname: 382,Lname: 10,City: 99,ID: 794
Fname: 617,Lname: 1174,City: 539,ID: 1024
Fname: 1062,Lname: 851,City: 501,ID: 1031
Fname: 1,Lname: 1309,City: 1035,ID: 352
Fname: 1143,Lname: 952,City: 907,ID: 537
Fname: 1212,Lname: 770,City: 808,ID: 2
Fname: 437,Lname: 262,City: 923,ID: 608
Fname: 978,Lname: 775,City: 233,ID: 1097
Fname: 1347,Lname: 1323,City: 830,ID: 169
Fname: 1029,Lname: 96,City: 1374,ID: 175
Fname: 1008,Lname: 408,City: 1061,ID: 1145
Fname: 1052,Lname: 574,City: 399,ID: 895
Fname: 1091,Lname: 1468,City: 726,ID: 1377
Fname: 171,Lname: 442,City: 170,ID: 483
Fname: 1156,Lname: 1017,City: 1438,ID: 1330
Fname: 533,Lname: 1106,City: 293,ID: 445
Fname: 61,Lname: 346,City: 1099,ID: 103
Fname: 1472,Lname: 1260,City: 1053,ID: 557
Fname: 570,Lname: 1156,City: 830,ID: 1192
Fname: 930,Lname: 676,City: 503,ID: 974
Fname: 455,Lname: 1210,City: 1310,ID: 744
Fname: 1400,Lname: 525,City: 824,ID: 41
Fname: 1129,Lname: 188,City: 485,ID: 187
Fname: 1257,Lname: 1120,City: 1265,ID: 428
Fname: 784,Lname: 1127,City: 539,ID: 1281
Fname: 498,Lname: 977,City: 945,ID: 1157
Fname: 446,Lname: 587,City: 264,ID: 1120
Fname: 3,Lname: 322,City: 119,ID: 897
Fname: 136,Lname: 1082,City: 257,ID: 73
Fname: 1362,Lname: 938,City: 1351,ID: 975
Fname: 1466,Lname: 1003,City: 103,ID: 1282
Fname: 1129,Lname: 1359,City: 665,ID: 421
Fname: 760,Lname: 1457,City: 380,ID: 134
Fname: 301,Lname: 594,City: 97,ID: 88
Fname: 815,Lname: 1246,City: 603,ID: 1352
Fname: 896,Lname: 1079,City: 630,ID: 167
Fname: 984,Lname: 209,City: 708,ID: 807
Fname: 988,Lname: 1215,City: 1058,ID: 551
Fname: 1383,Lname: 1360,City: 678,ID: 515
Fname: 1022,Lname: 510,City: 795,ID: 398
Fname: 930,Lname: 1075,City: 140,ID: 647
Fname: 600,Lname: 681,City: 1239,ID: 185
Fname: 302,Lname: 86,City: 43,ID: 803
Fname: 422,Lname: 686,City: 1336,ID: 1234
Fname: 24,Lname: 72,City: 1306,ID: 1127
Fname: 13,Lname: 1445,City: 1480,ID: 701
Fname: 1169,Lname: 903,City: 198,ID: 662
Fname: 1244,Lname: 591,City: 344,ID: 845
Fname: 528,Lname: 967,City: 1337,ID: 115
Fname: 580,Lname: 1133,City: 84,ID: 292
Fname: 792,Lname: 1285,City: 279,ID: 218
Fname: 233,Lname: 727,City: 790,ID: 1158
Fname: 1447,Lname: 657,City: 1354,ID: 834
Fname: 54,Lname: 715,City: 229,ID: 1397
Fname: 48,Lname: 448,City: 1213,ID: 747
Fname: 1464,Lname: 1182,City: 568,ID: 1343
Fname: 320,Lname: 1154,City: 492,ID: 1116
Fname: 1483,Lname: 1349,City: 296,ID: 1132
Fname: 1170,Lname: 730,City: 1262,ID: 1072
Fname: 309,Lname: 490,City: 828,ID: 363
Fname: 614,Lname: 1222,City: 118,ID: 611
Fname: 222,Lname: 1400,City: 1055,ID: 337
Fname: 921,Lname: 748,City: 132,ID: 216
Fname: 1254,Lname: 1001,City: 1292,ID: 384
Fname: 25,Lname: 1154,City: 497,ID: 911
Fname: 1266,Lname: 1454,City: 1133,ID: 1162
Fname: 1007,Lname: 109,City: 1041,ID: 842
Fname: 1123,Lname: 862,City: 1286,ID: 1389
Fname: 510,Lname: 1395,City: 1429,ID: 1468
Fname: 321,Lname: 1340,City: 792,ID: 34
Fname: 134,Lname: 1322,City: 1452,ID: 180
Fname: 595,Lname: 153,City: 1148,ID: 1252
Fname: 407,Lname: 1301,City: 609,ID: 1016
Fname: 622,Lname: 214,City: 574,ID: 1133
Fname: 76,Lname: 132,City: 1061,ID: 4
Fname: 548,Lname: 1462,City: 320,ID: 364
Fname: 501,Lname: 932,City: 860,ID: 1128
Fname: 628,Lname: 1316,City: 691,ID: 544
Fname: 120,Lname: 1125,City: 631,ID: 1053
Fname: 182,Lname: 1479,City: 249,ID: 63
Fname: 158,Lname: 1158,City: 819,ID: 1128
Fname: 659,Lname: 1310,City: 849,ID: 436
Fname: 994,Lname: 207,City: 641,ID: 888
Fname: 1218,Lname: 730,City: 412,ID: 789
Fname: 1368,Lname: 562,City: 634,ID: 789
Fname: 747,Lname: 1329,City: 737,ID: 1188
Fname: 526,Lname: 604,City: 78,ID: 256
Fname: 1382,Lname: 1375,City: 600,ID: 163
Fname: 789,Lname: 1116,City: 1302,ID: 1462
Fname: 27,Lname: 689,City: 70,ID: 99
Fname: 1156,Lname: 423,City: 1379,ID: 116
Fname: 108,Lname: 230,City: 943,ID: 564
Fname: 1055,Lname: 1093,City: 537,ID: 760
Fname: 1407,Lname: 834,City: 1397,ID: 875
Fname: 208,Lname: 53,City: 1407,ID: 422
Fname: 756,Lname: 334,City: 1085,ID: 1352
Fname: 6,Lname: 884,City: 1125,ID: 847
Fname: 1224,Lname: 460,City: 1356,ID: 1204
Fname: 342,Lname: 448,City: 1120,ID: 1499
Fname: 792,Lname: 1154,City: 596,ID: 977
Fname: 1467,Lname: 392,City: 666,ID: 735
Fname: 1415,Lname: 1217,City: 66,ID: 1041
Fname: 944,Lname: 753,City: 985,ID: 468
Fname: 179,Lname: 772,City: 704,ID: 1112
Fname: 14,Lname: 1361,City: 277,ID: 1325
Fname: 1207,Lname: 933,City: 907,ID: 824
Fname: 190,Lname: 863,City: 921,ID: 1080
Fname: 146,Lname: 1168,City: 1492,ID: 1289
Fname: 273,Lname: 810,City: 550,ID: 662
Fname: 1333,Lname: 99,City: 1261,ID: 636
Fname: 933,Lname: 1296,City: 578,ID: 1212
Fname: 226,Lname: 882,City: 1056,ID: 1019
Fname: 302,Lname: 313,City: 1145,ID: 583
Fname: 126,Lname: 500,City: 568,ID: 860
Fname: 309,Lname: 1018,City: 38,ID: 240
Fname: 1347,Lname: 1071,City: 596,ID: 1446
Fname: 241,Lname: 1256,City: 1076,ID: 880
Fname: 1040,Lname: 1072,City: 1234,ID: 685
Fname: 1196,Lname: 470,City: 1432,ID: 654
Fname: 541,Lname: 1078,City: 1487,ID: 1352
Fname: 1109,Lname: 578,City: 1397,ID: 1235
Fname: 1447,Lname: 686,City: 395,ID: 1452
Fname: 932,Lname: 658,City: 375,ID: 1257
Fname: 1422,Lname: 719,City: 1473,ID: 1222
Fname: 164,Lname: 1483,City: 1035,ID: 1115
Fname: 703,Lname: 19,City: 1446,ID: 720
Fname: 92,Lname: 18,City: 1453,ID: 1217
Fname: 723,Lname: 107,City: 74,ID: 1077
Fname: 1057,Lname: 390,City: 192,ID: 1340
Fname: 751,Lname: 763,City: 667,ID: 28
Fname: 742,Lname: 574,City: 159,ID: 153
Fname: 1469,Lname: 29,City: 1396,ID: 687
Fname: 1306,Lname: 650,City: 217,ID: 931
Fname: 795,Lname: 229,City: 1337,ID: 637
Fname: 309,Lname: 907,City: 1153,ID: 766
Fname: 1435,Lname: 812,City: 1206,ID: 968
Fname: 500,Lname: 73,City: 399,ID: 1165
Fname: 841,Lname: 1175,City: 1045,ID: 1109
Fname: 1205,Lname: 1389,City: 1146,ID: 863
Fname: 1204,Lname: 483,City: 1376,ID: 1036
Fname: 1199,Lname: 902,City: 246,ID: 750
Fname: 1335,Lname: 85,City: 179,ID: 540
Fname: 1318,Lname: 1049,City: 985,ID: 1198
Fname: 785,Lname: 333,City: 1082,ID: 529
Fname: 1023,Lname: 1497,City: 796,ID: 1367
Fname: 1294,Lname: 657,City: 947,ID: 607
Fname: 1141,Lname: 713,City: 115,ID: 377
Fname: 10,Lname: 641,City: 408,ID: 1405
Fname: 438,Lname: 558,City: 197,ID: 83
Fname: 110,Lname: 1095,City: 492,ID: 976
Fname: 699,Lname: 659,City: 1432,ID: 243
Fname: 929,Lname: 611,City: 385,ID: 252
Fname: 1406,Lname: 1111,City: 311,ID: 483
Fname: 227,Lname: 1039,City: 1392,ID: 853
Fname: 26,Lname: 909,City: 1163,ID: 1120
Fname: 359,Lname: 1214,City: 1306,ID: 1299
Fname: 125,Lname: 1088,City: 1175,ID: 1307
Fname: 0,Lname: 1288,City: 298,ID: 1332
Fname: 692,Lname: 436,City: 878,ID: 484
Fname: 601,Lname: 1441,City: 16,ID: 1417
Fname: 955,Lname: 1482,City: 1199,ID: 930
Fname: 847,Lname: 272,City: 406,ID: 728
Fname: 1201,Lname: 821,City: 156,ID: 1010
Fname: 1004,Lname: 372,City: 646,ID: 1179
Fname: 126,Lname: 788,City: 257,ID: 1082
Fname: 611,Lname: 529,City: 56,ID: 1226
Fname: 515,Lname: 530,City: 734,ID: 320
Fname: 874,Lname: 683,City: 1456,ID: 1392
Fname: 378,Lname: 492,City: 1233,ID: 521
Fname: 1115,Lname: 233,City: 1453,ID: 638
Fname: 1004,Lname: 224,City: 392,ID: 271
Fname: 1475,Lname: 1182,City: 89,ID: 274
Fname: 401,Lname: 270,City: 1421,ID: 1250
Fname: 683,Lname: 143,City: 672,ID: 123
Fname: 886,Lname: 243,City: 895,ID: 416
Fname: 674,Lname: 686,City: 256,ID: 965
Fname: 925,Lname: 380,City: 903,ID: 804
Fname: 836,Lname: 1406,City: 694,ID: 315
Fname: 804,Lname: 1247,City: 1294,ID: 1129
Fname: 1402,Lname: 1414,City: 236,ID: 1458
Fname: 862,Lname: 1360,City: 51,ID: 1335
Fname: 775,Lname: 698,City: 979,ID: 1192
Fname: 672,Lname: 1071,City: 862,ID: 1177
Fname: 63,Lname: 768,City: 153,ID: 1054
Fname: 1066,Lname: 1264,City: 243,ID: 29
Fname: 364,Lname: 890,City: 1447,ID: 859
Fname: 216,Lname: 847,City: 656,ID: 57
Fname: 702,Lname: 1384,City: 396,ID: 221
Fname: 1036,Lname: 1193,City: 985,ID: 812
Fname: 505,Lname: 1051,City: 456,ID: 655
Fname: 1450,Lname: 64,City: 297,ID: 363
Fname: 383,Lname: 700,City: 1306,ID: 1243
Fname: 796,Lname: 566,City: 1447,ID: 204
Fname: 869,Lname: 87,City: 842,ID: 861
Fname: 120,Lname: 1265,City: 934,ID: 28
Fname: 143,Lname: 723,City: 218,ID: 295
Fname: 954,Lname: 625,City: 100,ID: 1400
Fname: 325,Lname: 361,City: 1183,ID: 1187
Fname: 1404,Lname: 1243,City: 29,ID: 795
Fname: 1130,Lname: 881,City: 70,ID: 304
Fname: 224,Lname: 967,City: 354,ID: 755
Fname: 858,Lname: 1165,City: 119,ID: 845
Fname: 953,Lname: 1106,City: 1313,ID: 743
Fname: 336,Lname: 407,City: 604,ID: 735
Fname: 1474,Lname: 1363,City: 1301,ID: 671
Fname: 138,Lname: 1306,City: 234,ID: 1111
Fname: 571,Lname: 299,City: 657,ID: 552
Fname: 981,Lname: 279,City: 489,ID: 910
Fname: 1494,Lname: 400,City: 376,ID: 1397
Fname: 891,Lname: 1375,City: 1431,ID: 1449
Fname: 1434,Lname: 441,City: 429,ID: 1363
Fname: 548,Lname: 953,City: 731,ID: 89
Fname: 1365,Lname: 222,City: 1417,ID: 625
Fname: 574,Lname: 721,City: 1263,ID: 42
Fname: 1181,Lname: 1089,City: 1126,ID: 188
Fname: 812,Lname: 1054,City: 37,ID: 1380
Fname: 907,Lname: 62,City: 902,ID: 437
Fname: 1162,Lname: 1030,City: 900,ID: 418
Fname: 1413,Lname: 708,City: 258,ID: 596
Fname: 1014,Lname: 609,City: 1350,ID: 557
Fname: 1078,Lname: 878,City: 891,ID: 1144
Fname: 221,Lname: 654,City: 1496,ID: 275
Fname: 423,Lname: 883,City: 368,ID: 1067
Fname: 416,Lname: 344,City: 242,ID: 373
Fname: 114,Lname: 580,City: 142,ID: 281
Fname: 1367,Lname: 587,City: 416,ID: 47
Fname: 832,Lname: 166,City: 1197,ID: 1142
Fname: 1113,Lname: 1216,City: 195,ID: 1268
Fname: 352,Lname: 573,City: 553,ID: 700
Fname: 775,Lname: 264,City: 851,ID: 903
Fname: 827,Lname: 884,City: 1026,ID: 44
Fname: 1223,Lname: 163,City: 214,ID: 1
Fname: 1119,Lname: 1363,City: 909,ID: 812
Fname: 1254,Lname: 790,City: 932,ID: 1097
Fname: 1264,Lname: 238,City: 752,ID: 1182
Fname: 935,Lname: 536,City: 995,ID: 242
Fname: 554,Lname: 434,City: 168,ID: 228
Fname: 124,Lname: 194,City: 595,ID: 69
Fname: 325,Lname: 1266,City: 54,ID: 1138
Fname: 1300,Lname: 832,City: 1411,ID: 153
Fname: 1301,Lname: 546,City: 607,ID: 574
Fname: 233,Lname: 314,City: 664,ID: 927
Fname: 1152,Lname: 1452,City: 1263,ID: 1132
Fname: 264,Lname: 17,City: 1238,ID: 403
Fname: 1429,Lname: 669,City: 99,ID: 105
Fname: 1490,Lname: 852,City: 887,ID: 914
Fname: 1084,Lname: 166,City: 572,ID: 489
Fname: 186,Lname: 328,City: 604,ID: 93
Fname: 781,Lname: 673,City: 1331,ID: 1106
Fname: 1111,Lname: 264,City: 801,ID: 1083
Fname: 1472,Lname: 758,City: 959,ID: 268
Fname: 312,Lname: 61,City: 216,ID: 148
Fname: 1052,Lname: 1237,City: 418,ID: 399
Fname: 1374,Lname: 1347,City: 521,ID: 939
Fname: 1262,Lname: 1130,City: 1026,ID: 1054
Fname: 147,Lname: 1148,City: 990,ID: 1229
Fname: 1410,Lname: 1276,City: 1236,ID: 935
Fname: 1361,Lname: 1279,City: 728,ID: 257
Fname: 1214,Lname: 253,City: 319,ID: 1044
Fname: 146,Lname: 422,City: 621,ID: 1091
Fname: 616,Lname: 46,City: 1015,ID: 618
Fname: 909,Lname: 869,City: 795,ID: 884
Fname: 314,Lname: 1120,City: 1176,ID: 825
Fname: 893,Lname: 1191,City: 1407,ID: 421
Fname: 921,Lname: 1232,City: 1429,ID: 1115
Fname: 1180,Lname: 626,City: 1391,ID: 575
Fname: 1062,Lname: 1346,City: 566,ID: 147
Fname: 162,Lname: 1287,City: 513,ID: 196
Fname: 745,Lname: 979,City: 1055,ID: 376
Fname: 481,Lname: 1364,City: 847,ID: 435
Fname: 1398,Lname: 11,City: 793,ID: 316
Fname: 576,Lname: 352,City: 930,ID: 1417
Fname: 342,Lname: 742,City: 780,ID: 419
Fname: 128,Lname: 885,City: 342,ID: 1034
Fname: 340,Lname: 43,City: 358,ID: 419
Fname: 480,Lname: 1255,City: 666,ID: 1150
Fname: 130,Lname: 730,City: 1121,ID: 479
Fname: 253,Lname: 1404,City: 206,ID: 926
Fname: 178,Lname: 439,City: 578,ID: 1346
Fname: 816,Lname: 770,City: 1351,ID: 1468
Fname: 192,Lname: 199,City: 967,ID: 782
Fname: 138,Lname: 137,City: 286,ID: 161
Fname: 1346,Lname: 210,City: 1180,ID: 446
Fname: 1481,Lname: 1203,City: 591,ID: 596
Fname: 405,Lname: 265,City: 1274,ID: 715
Fname: 239,Lname: 704,City: 1345,ID: 599
Fname: 541,Lname: 1055,City: 611,ID: 667
Fname: 437,Lname: 274,City: 1165,ID: 1414
Fname: 1173,Lname: 1350,City: 1359,ID: 1152
Fname: 359,Lname: 1389,City: 91,ID: 1234
Fname: 1500,Lname: 1153,City: 681,ID: 1413
Fname: 1392,Lname: 1288,City: 386,ID: 438
Fname: 82,Lname: 499,City: 847,ID: 930
Fname: 883,Lname: 1454,City: 1,ID: 924
Fname: 360,Lname: 1409,City: 838,ID: 175
Fname: 211,Lname: 622,City: 869,ID: 213
Fname: 122,Lname: 1308,City: 1109,ID: 1025
Fname: 790,Lname: 841,City: 38,ID: 435
Fname: 260,Lname: 490,City: 315,ID: 1492
Fname: 9,Lname: 1210,City: 1264,ID: 329
Fname: 555,Lname: 751,City: 1149,ID: 1192
Fname: 422,Lname: 706,City: 496,ID: 1451
Fname: 725,Lname: 817,City: 696,ID: 254
Fname: 749,Lname: 591,City: 155,ID: 223
Fname: 672,Lname: 595,City: 493,ID: 1116
Fname: 1089,Lname: 292,City: 2,ID: 902
Fname: 1181,Lname: 1248,City: 685,ID: 104
Fname: 1455,Lname: 158,City: 1423,ID: 885
Fname: 651,Lname: 416,City: 929,ID: 1108
Fname: 1411,Lname: 231,City: 427,ID: 441
Fname: 1431,Lname: 571,City: 452,ID: 944
Fname: 116,Lname: 627,City: 718,ID: 725
Fname: 1074,Lname: 817,City: 557,ID: 1043
Fname: 799,Lname: 940,City: 752,ID: 796
Fname: 983,Lname: 15,City: 29,ID: 286
Fname: 725,Lname: 850,City: 468,ID: 426
Fname: 1155,Lname: 515,City: 1382,ID: 897
Fname: 432,Lname: 268,City: 616,ID: 915
Fname: 408,Lname: 172,City: 1268,ID: 490
Fname: 248,Lname: 293,City: 1005,ID: 793
Fname: 809,Lname: 894,City: 102,ID: 1037
Fname: 1018,Lname: 1423,City: 1250,ID: 884
Fname: 895,Lname: 404,City: 773,ID: 50
Fname: 927,Lname: 893,City: 711,ID: 564
Fname: 893,Lname: 938,City: 359,ID: 768
Fname: 669,Lname: 325,City: 260,ID: 997
Fname: 499,Lname: 1232,City: 1387,ID: 903
Fname: 879,Lname: 558,City: 954,ID: 773
Fname: 326,Lname: 222,City: 747,ID: 978
Fname: 467,Lname: 504,City: 131,ID: 462
Fname: 1154,Lname: 1463,City: 1477,ID: 1238
Fname: 598,Lname: 65,City: 35,ID: 233
Fname: 401,Lname: 207,City: 78,ID: 34
Fname: 843,Lname: 54,City: 313,ID: 198
Fname: 514,Lname: 136,City: 1097,ID: 1407
Fname: 530,Lname: 594,City: 1245,ID: 702
Fname: 1097,Lname: 734,City: 497,ID: 878
Fname: 216,Lname: 84,City: 1338,ID: 339
Fname: 1499,Lname: 171,City: 474,ID: 1243
Fname: 636,Lname: 557,City: 1168,ID: 237
Fname: 1236,Lname: 1347,City: 791,ID: 1270
Fname: 591,Lname: 775,City: 1450,ID: 494
Fname: 322,Lname: 297,City: 1383,ID: 1095
Fname: 419,Lname: 1120,City: 838,ID: 230
Fname: 730,Lname: 437,City: 216,ID: 636
Fname: 1353,Lname: 1358,City: 563,ID: 1478
Fname: 1204,Lname: 1028,City: 895,ID: 887
Fname: 1030,Lname: 1479,City: 1234,ID: 641
Fname: 309,Lname: 678,City: 908,ID: 511
Fname: 762,Lname: 1148,City: 78,ID: 1336
Fname: 79,Lname: 230,City: 1428,ID: 759
Fname: 126,Lname: 427,City: 1387,ID: 1212
Fname: 691,Lname: 1328,City: 1017,ID: 1437
Fname: 269,Lname: 1345,City: 694,ID: 1308
Fname: 337,Lname: 557,City: 744,ID: 667
Fname: 190,Lname: 454,City: 734,ID: 1379
Fname: 1158,Lname: 792,City: 18,ID: 1390
Fname: 587,Lname: 1385,City: 504,ID: 180
Fname: 944,Lname: 900,City: 372,ID: 53
Fname: 517,Lname: 1278,City: 1371,ID: 25
Fname: 898,Lname: 59,City: 1027,ID: 346
Fname: 942,Lname: 1279,City: 67,ID: 247
Fname: 1358,Lname: 683,City: 1086,ID: 632
Fname: 530,Lname: 880,City: 1018,ID: 898
Fname: 478,Lname: 757,City: 343,ID: 312
Fname: 1486,Lname: 180,City: 1364,ID: 444
Fname: 1038,Lname: 1491,City: 45,ID: 940
Fname: 290,Lname: 135,City: 680,ID: 561
Fname: 593,Lname: 624,City: 775,ID: 334
Fname: 1038,Lname: 764,City: 774,ID: 544
Fname: 964,Lname: 1289,City: 1308,ID: 629
Fname: 1265,Lname: 1035,City: 1240,ID: 896
Fname: 1460,Lname: 1067,City: 1496,ID: 449
Fname: 863,Lname: 1198,City: 237,ID: 1436
Fname: 964,Lname: 1133,City: 1414,ID: 958
Fname: 13,Lname: 137,City: 912,ID: 1216
Fname: 335,Lname: 1076,City: 1144,ID: 563
Fname: 172,Lname: 1338,City: 358,ID: 553
Fname: 1200,Lname: 740,City: 498,ID: 297
Fname: 69,Lname: 879,City: 822,ID: 634
Fname: 197,Lname: 1316,City: 945,ID: 832
Fname: 875,Lname: 64,City: 977,ID: 1261
Fname: 1093,Lname: 791,City: 256,ID: 904
Fname: 1175,Lname: 1041,City: 993,ID: 771
Fname: 24,Lname: 734,City: 280,ID: 140
Fname: 1343,Lname: 745,City: 1085,ID: 1243
Fname: 59,Lname: 1120,City: 2,ID: 1375
Fname: 875,Lname: 1405,City: 847,ID: 388
Fname: 848,Lname: 354,City: 347,ID: 632
Fname: 340,Lname: 484,City: 73,ID: 1459
Fname: 491,Lname: 331,City: 230,ID: 10
Fname: 1427,Lname: 477,City: 69,ID: 1107
Fname: 85,Lname: 1401,City: 208,ID: 553
Fname: 1086,Lname: 1119,City: 569,ID: 1130
Fname: 150,Lname: 373,City: 1069,ID: 1283
Fname: 578,Lname: 1004,City: 832,ID: 669
Fname: 411,Lname: 808,City: 721,ID: 1256
Fname: 1092,Lname: 1047,City: 392,ID: 1197
Fname: 916,Lname: 418,City: 532,ID: 1393
Fname: 196,Lname: 1098,City: 794,ID: 285
Fname: 827,Lname: 575,City: 431,ID: 364
Fname: 997,Lname: 88,City: 271,ID: 131
Fname: 621,Lname: 393,City: 47,ID: 680
Fname: 1127,Lname: 1446,City: 1404,ID: 512
Fname: 310,Lname: 32,City: 1430,ID: 374
Fname: 1125,Lname: 704,City: 217,ID: 105
Fname: 1475,Lname: 1282,City: 588,ID: 430
Fname: 383,Lname: 421,City: 1492,ID: 817
Fname: 166,Lname: 712,City: 628,ID: 974
Fname: 814,Lname: 44,City: 121,ID: 109
Fname: 1058,Lname: 876,City: 756,ID: 338
Fname: 578,Lname: 106,City: 534,ID: 494
Fname: 274,Lname: 1493,City: 476,ID: 1010
Fname: 533,Lname: 677,City: 5,ID: 335
Fname: 1412,Lname: 907,City: 953,ID: 1333
Fname: 644,Lname: 220,City: 752,ID: 311
Fname: 1424,Lname: 376,City: 858,ID: 330
Fname: 1381,Lname: 117,City: 300,ID: 1075
Fname: 293,Lname: 285,City: 243,ID: 208
Fname: 1116,Lname: 713,City: 1244,ID: 634
Fname: 1217,Lname: 911,City: 512,ID: 353
Fname: 27,Lname: 743,City: 570,ID: 1250
Fname: 118,Lname: 1389,City: 1286,ID: 122
Fname: 512,Lname: 653,City: 1142,ID: 206
Fname: 253,Lname: 1262,City: 694,ID: 1237
Fname: 1058,Lname: 896,City: 669,ID: 654
Fname: 646,Lname: 975,City: 164,ID: 277
Fname: 868,Lname: 1167,City: 344,ID: 684
Fname: 993,Lname: 759,City: 1008,ID: 135
Fname: 69,Lname: 1342,City: 1184,ID: 53
Fname: 268,Lname: 774,City: 1054,ID: 1149
Fname: 919,Lname: 886,City: 449,ID: 897
Fname: 1478,Lname: 1466,City: 290,ID: 815
Fname: 662,Lname: 1471,City: 409,ID: 473
Fname: 849,Lname: 471,City: 1447,ID: 1199
Fname: 1233,Lname: 122,City: 497,ID: 1309
Fname: 950,Lname: 666,City: 496,ID: 774
Fname: 804,Lname: 724,City: 690,ID: 1296
Fname: 408,Lname: 1498,City: 281,ID: 157
Fname: 623,Lname: 1425,City: 333,ID: 377
Fname: 426,Lname: 1186,City: 356,ID: 249
Fname: 21,Lname: 1093,City: 588,ID: 626
Fname: 538,Lname: 164,City: 365,ID: 98
Fname: 1231,Lname: 387,City: 108,ID: 1003
Fname: 799,Lname: 1029,City: 954,ID: 1499
Fname: 616,Lname: 22,City: 779,ID: 1361
Fname: 290,Lname: 482,City: 895,ID: 565
Fname: 1238,Lname: 274,City: 1276,ID: 595
Fname: 406,Lname: 790,City: 1011,ID: 911
Fname: 23,Lname: 1405,City: 1118,ID: 901
Fname: 1011,Lname: 148,City: 1222,ID: 1062
Fname: 27,Lname: 133,City: 620,ID: 1009
Fname: 807,Lname: 417,City: 567,ID: 872
Fname: 1115,Lname: 639,City: 136,ID: 1320
Fname: 1352,Lname: 428,City: 1398,ID: 571
Fname: 107,Lname: 423,City: 795,ID: 66
Fname: 1036,Lname: 1307,City: 1340,ID: 657
Fname: 7,Lname: 220,City: 1011,ID: 1132
Fname: 1213,Lname: 1230,City: 1139,ID: 1469
Fname: 1336,Lname: 425,City: 1002,ID: 489
Fname: 197,Lname: 145,City: 1493,ID: 1029
Fname: 798,Lname: 1093,City: 30,ID: 274
Fname: 578,Lname: 933,City: 1070,ID: 780
Fname: 288,Lname: 345,City: 482,ID: 815
Fname: 1153,Lname: 1370,City: 764,ID: 646
Fname: 1126,Lname: 147,City: 272,ID: 86
Fname: 203,Lname: 736,City: 1213,ID: 736
Fname: 15,Lname: 86,City: 1456,ID: 1258
Fname: 102,Lname: 1299,City: 828,ID: 1493
Fname: 874,Lname: 403,City: 1131,ID: 1329
Fname: 398,Lname: 527,City: 695,ID: 179
Fname: 436,Lname: 1321,City: 703,ID: 947
Fname: 581,Lname: 133,City: 291,ID: 996
Fname: 351,Lname: 758,City: 3,ID: 1281
Fname: 359,Lname: 643,City: 289,ID: 496
Fname: 701,Lname: 1107,City: 1036,ID: 11
Fname: 1202,Lname: 1432,City: 190,ID: 1360
Fname: 806,Lname: 134,City: 1341,ID: 142
Fname: 36,Lname: 331,City: 40,ID: 825
Fname: 1051,Lname: 1285,City: 1455,ID: 274
Fname: 1198,Lname: 910,City: 288,ID: 976
Fname: 1038,Lname: 702,City: 473,ID: 1084
Fname: 634,Lname: 815,City: 1419,ID: 1346
Fname: 273,Lname: 127,City: 687,ID: 1464
Fname: 347,Lname: 315,City: 665,ID: 1232
Fname: 482,Lname: 1469,City: 414,ID: 1031
Fname: 1478,Lname: 365,City: 1010,ID: 1486
Fname: 1079,Lname: 315,City: 223,ID: 866
Fname: 1099,Lname: 1167,City: 768,ID: 388
Fname: 1117,Lname: 465,City: 841,ID: 438
Fname: 776,Lname: 105,City: 229,ID: 1066
Fname: 465,Lname: 1400,City: 473,ID: 799
Fname: 1403,Lname: 313,City: 61,ID: 53
Fname: 854,Lname: 87,City: 529,ID: 761
Fname: 470,Lname: 1381,City: 67,ID: 193
Fname: 977,Lname: 498,City: 886,ID: 78
Fname: 478,Lname: 127,City: 708,ID: 342
Fname: 372,Lname: 1197,City: 1226,ID: 153
Fname: 617,Lname: 34,City: 569,ID: 684
Fname: 1245,Lname: 714,City: 60,ID: 1388
Fname: 46,Lname: 1137,City: 748,ID: 259
Fname: 1236,Lname: 881,City: 763,ID: 445
Fname: 121,Lname: 446,City: 1067,ID: 229
Fname: 765,Lname: 481,City: 871,ID: 1493
Fname: 1092,Lname: 1472,City: 1030,ID: 1183
Fname: 1277,Lname: 727,City: 405,ID: 1195
Fname: 1187,Lname: 756,City: 342,ID: 812
Fname: 512,Lname: 416,City: 637,ID: 1295
Fname: 1436,Lname: 871,City: 152,ID: 1164
Fname: 1348,Lname: 1322,City: 1435,ID: 725
Fname: 1377,Lname: 752,City: 441,ID: 261
Fname: 1309,Lname: 1046,City: 770,ID: 101
Fname: 467,Lname: 971,City: 1148,ID: 243
Fname: 789,Lname: 853,City: 529,ID: 576
Fname: 1490,Lname: 354,City: 1207,ID: 1269
Fname: 1465,Lname: 535,City: 60,ID: 187
Fname: 336,Lname: 1043,City: 971,ID: 289
Fname: 552,Lname: 1452,City: 729,ID: 1315
Fname: 1263,Lname: 518,City: 748,ID: 806
Fname: 392,Lname: 1019,City: 354,ID: 381
Fname: 199,Lname: 322,City: 639,ID: 1194
Fname: 60,Lname: 624,City: 698,ID: 1361
Fname: 1079,Lname: 1452,City: 400,ID: 272
Fname: 128,Lname: 1342,City: 238,ID: 1345
Fname: 1109,Lname: 1121,City: 853,ID: 1233
Fname: 101,Lname: 1130,City: 813,ID: 584
Fname: 1003,Lname: 1324,City: 480,ID: 1417
Fname: 359,Lname: 443,City: 658,ID: 192
Fname: 920,Lname: 1308,City: 1466,ID: 1106
Fname: 754,Lname: 47,City: 980,ID: 264
Fname: 957,Lname: 626,City: 1342,ID: 1118
Fname: 1179,Lname: 748,City: 397,ID: 680
Fname: 836,Lname: 335,City: 572,ID: 928
Fname: 851,Lname: 722,City: 1135,ID: 1020
Fname: 40,Lname: 1416,City: 560,ID: 1236
Fname: 950,Lname: 1486,City: 232,ID: 577
Fname: 1071,Lname: 1346,City: 1435,ID: 186
Fname: 1465,Lname: 17,City: 1023,ID: 331
Fname: 364,Lname: 477,City: 1253,ID: 1478
Fname: 112,Lname: 200,City: 183,ID: 1406
Fname: 1184,Lname: 1014,City: 519,ID: 1113
Fname: 703,Lname: 745,City: 751,ID: 1487
Fname: 660,Lname: 21,City: 183,ID: 687
Fname: 478,Lname: 972,City: 1048,ID: 429
Fname: 315,Lname: 723,City: 1168,ID: 872
Fname: 1270,Lname: 1206,City: 926,ID: 1485
Fname: 87,Lname: 572,City: 727,ID: 1167
Fname: 593,Lname: 174,City: 243,ID: 962
Fname: 68,Lname: 1463,City: 160,ID: 1194
Fname: 1150,Lname: 105,City: 514,ID: 923
Fname: 947,Lname: 783,City: 348,ID: 839
Fname: 686,Lname: 182,City: 824,ID: 140
Fname: 264,Lname: 409,City: 853,ID: 182
Fname: 781,Lname: 909,City: 1260,ID: 1457
Fname: 1355,Lname: 153,City: 1082,ID: 1131
Fname: 823,Lname: 300,City: 484,ID: 679
Fname: 1136,Lname: 109,City: 767,ID: 1236
Fname: 130,Lname: 426,City: 1441,ID: 1363
Fname: 1466,Lname: 145,City: 1045,ID: 698
Fname: 1106,Lname: 631,City: 898,ID: 1367
Fname: 166,Lname: 686,City: 432,ID: 302
Fname: 1345,Lname: 361,City: 384,ID: 803
Fname: 1418,Lname: 676,City: 933,ID: 599
Fname: 148,Lname: 699,City: 275,ID: 996
Fname: 548,Lname: 756,City: 761,ID: 1204
Fname: 194,Lname: 1363,City: 1021,ID: 30
Fname: 1119,Lname: 1339,City: 947,ID: 1310
Fname: 1391,Lname: 748,City: 488,ID: 591
Fname: 961,Lname: 1150,City: 991,ID: 419
Fname: 164,Lname: 1036,City: 760,ID: 269
Fname: 433,Lname: 1046,City: 885,ID: 1448
Fname: 921,Lname: 262,City: 73,ID: 1386
Fname: 550,Lname: 1422,City: 688,ID: 518
Fname: 163,Lname: 1425,City: 1089,ID: 1103
Fname: 1496,Lname: 190,City: 1161,ID: 501
Fname: 964,Lname: 160,City: 88,ID: 127
Fname: 126,Lname: 1372,City: 335,ID: 1021
Fname: 903,Lname: 563,City: 1115,ID: 213
Fname: 975,Lname: 626,City: 477,ID: 692
Fname: 484,Lname: 826,City: 1088,ID: 1497
Fname: 967,Lname: 897,City: 561,ID: 1024
Fname: 896,Lname: 888,City: 253,ID: 58
Fname: 1082,Lname: 1102,City: 805,ID: 549
Fname: 1170,Lname: 704,City: 1298,ID: 1125
Fname: 1036,Lname: 773,City: 1180,ID: 95
Fname: 1026,Lname: 1168,City: 1353,ID: 188
Fname: 1031,Lname: 256,City: 756,ID: 850
Fname: 944,Lname: 1441,City: 846,ID: 1410
Fname: 1431,Lname: 388,City: 882,ID: 1480
Fname: 505,Lname: 1460,City: 613,ID: 1479
Fname: 71,Lname: 1422,City: 447,ID: 912
Fname: 134,Lname: 1088,City: 609,ID: 363
Fname: 374,Lname: 607,City: 849,ID: 354
Fname: 395,Lname: 1159,City: 519,ID: 364
Fname: 1383,Lname: 509,City: 25,ID: 440
Fname: 946,Lname: 1330,City: 518,ID: 885
Fname: 952,Lname: 170,City: 333,ID: 909
Fname: 1301,Lname: 871,City: 108,ID: 468
Fname: 278,Lname: 593,City: 1089,ID: 481
Fname: 754,Lname: 1268,City: 421,ID: 566
Fname: 1473,Lname: 940,City: 1136,ID: 879
Fname: 1407,Lname: 1408,City: 1246,ID: 1199
Fname: 1360,Lname: 1099,City: 1454,ID: 1029
Fname: 1315,Lname: 722,City: 750,ID: 1084
Fname: 1333,Lname: 980,City: 771,ID: 172
Fname: 654,Lname: 1152,City: 391,ID: 505
Fname: 1014,Lname: 1452,City: 280,ID: 460
Fname: 148,Lname: 533,City: 1082,ID: 1264
Fname: 853,Lname: 1066,City: 152,ID: 334
Fname: 754,Lname: 273,City: 105,ID: 854
Fname: 776,Lname: 1074,City: 359,ID: 934
Fname: 650,Lname: 878,City: 363,ID: 1386
Fname: 1289,Lname: 1392,City: 1384,ID: 76
Fname: 1441,Lname: 957,City: 977,ID: 750
Fname: 104,Lname: 365,City: 1197,ID: 444
Fname: 1003,Lname: 1165,City: 436,ID: 1296
Fname: 1057,Lname: 334,City: 1255,ID: 102
Fname: 531,Lname: 1137,City: 585,ID: 1460
Fname: 375,Lname: 240,City: 982,ID: 625
Fname: 630,Lname: 652,City: 120,ID: 503
Fname: 916,Lname: 468,City: 639,ID: 185
Fname: 498,Lname: 398,City: 827,ID: 469
Fname: 1244,Lname: 1169,City: 249,ID: 101
Fname: 453,Lname: 509,City: 88,ID: 791
Fname: 1351,Lname: 749,City: 445,ID: 397
Fname: 599,Lname: 1277,City: 561,ID: 947
Fname: 76,Lname: 793,City: 362,ID: 164
Fname: 1312,Lname: 19,City: 1086,ID: 1069
Fname: 187,Lname: 540,City: 596,ID: 444
Fname: 764,Lname: 1051,City: 851,ID: 285
Fname: 208,Lname: 938,City: 1295,ID: 990
Fname: 301,Lname: 1081,City: 144,ID: 639
Fname: 1205,Lname: 251,City: 217,ID: 705
Fname: 333,Lname: 902,City: 218,ID: 175
Fname: 1495,Lname: 1328,City: 719,ID: 321
Fname: 746,Lname: 1411,City: 222,ID: 223
Fname: 779,Lname: 1149,City: 370,ID: 1194
Fname: 85,Lname: 189,City: 1048,ID: 1
Fname: 216,Lname: 106,City: 1045,ID: 409
Fname: 1153,Lname: 1407,City: 664,ID: 1234
Fname: 1336,Lname: 535,City: 140,ID: 180
Fname: 722,Lname: 1291,City: 398,ID: 378
Fname: 1071,Lname: 1333,City: 753,ID: 1170
Fname: 708,Lname: 703,City: 1188,ID: 297
Fname: 873,Lname: 1020,City: 89,ID: 666
Fname: 507,Lname: 856,City: 187,ID: 1033
Fname: 619,Lname: 1158,City: 713,ID: 966
Fname: 1045,Lname: 755,City: 1051,ID: 246
Fname: 70,Lname: 1008,City: 1436,ID: 611
Fname: 356,Lname: 1316,City: 879,ID: 638
Fname: 599,Lname: 936,City: 762,ID: 1380
Fname: 811,Lname: 1420,City: 929,ID: 628
Fname: 110,Lname: 1428,City: 386,ID: 938
Fname: 1326,Lname: 559,City: 243,ID: 1030
Fname: 1159,Lname: 612,City: 1380,ID: 12
Fname: 1303,Lname: 1347,City: 1310,ID: 1076
Fname: 1092,Lname: 776,City: 657,ID: 1365
Fname: 312,Lname: 183,City: 1055,ID: 1002
Fname: 1288,Lname: 878,City: 795,ID: 588
Fname: 709,Lname: 253,City: 929,ID: 371
Fname: 1215,Lname: 1174,City: 1421,ID: 507
Fname: 532,Lname: 973,City: 257,ID: 441
Fname: 1128,Lname: 562,City: 447,ID: 205
Fname: 72,Lname: 1390,City: 975,ID: 1158
Fname: 1143,Lname: 103,City: 1148,ID: 1175
Fname: 671,Lname: 183,City: 634,ID: 1199
Fname: 890,Lname: 1254,City: 230,ID: 254
Fname: 321,Lname: 1171,City: 39,ID: 1034
Fname: 1470,Lname: 274,City: 1458,ID: 710
Fname: 186,Lname: 176,City: 315,ID: 106
Fname: 239,Lname: 1029,City: 581,ID: 1308
Fname: 54,Lname: 266,City: 1485,ID: 1309
Fname: 478,Lname: 834,City: 1061,ID: 809
Fname: 754,Lname: 513,City: 226,ID: 469
Fname: 1094,Lname: 332,City: 329,ID: 1449
Fname: 292,Lname: 1009,City: 1163,ID: 308
Fname: 310,Lname: 853,City: 1242,ID: 20
Fname: 890,Lname: 238,City: 1488,ID: 988
Fname: 1483,Lname: 239,City: 133,ID: 1483
Fname: 129,Lname: 177,City: 914,ID: 1322
Fname: 1210,Lname: 1250,City: 1378,ID: 238
Fname: 531,Lname: 1059,City: 981,ID: 1159
Fname: 1360,Lname: 1429,City: 285,ID: 274
Fname: 1216,Lname: 452,City: 969,ID: 9
Fname: 1340,Lname: 532,City: 1207,ID: 1081
Fname: 98,Lname: 1252,City: 1209,ID: 202
Fname: 998,Lname: 290,City: 341,ID: 242
Fname: 95,Lname: 116,City: 1207,ID: 81
Fname: 103,Lname: 885,City: 1290,ID: 1080
Fname: 964,Lname: 1439,City: 251,ID: 530
Fname: 0,Lname: 1013,City: 1196,ID: 149
Fname: 773,Lname: 81,City: 264,ID: 108
Fname: 151,Lname: 1030,City: 907,ID: 855
Fname: 1198,Lname: 858,City: 243,ID: 1095
Fname: 259,Lname: 982,City: 1,ID: 1495
Fname: 474,Lname: 471,City: 157,ID: 1226
Fname: 609,Lname: 890,City: 843,ID: 201
Fname: 209,Lname: 1157,City: 854,ID: 622
Fname: 538,Lname: 781,City: 171,ID: 700
Fname: 931,Lname: 682,City: 221,ID: 556
Fname: 1036,Lname: 1186,City: 650,ID: 899
Fname: 437,Lname: 343,City: 411,ID: 485
Fname: 424,Lname: 626,City: 261,ID: 1008
Fname: 861,Lname: 11,City: 428,ID: 1285
Fname: 1198,Lname: 192,City: 1029,ID: 495
Fname: 547,Lname: 1281,City: 537,ID: 205
Fname: 953,Lname: 1363,City: 1394,ID: 1295
Fname: 442,Lname: 927,City: 950,ID: 1475
Fname: 998,Lname: 1260,City: 879,ID: 106
Fname: 929,Lname: 120,City: 132,ID: 1036
Fname: 1437,Lname: 13,City: 202,ID: 224
Fname: 1337,Lname: 100,City: 685,ID: 202
Fname: 1298,Lname: 1134,City: 1237,ID: 48
Fname: 801,Lname: 664,City: 560,ID: 886
Fname: 1161,Lname: 149,City: 314,ID: 929
Fname: 578,Lname: 712,City: 1378,ID: 654
Fname: 1233,Lname: 1069,City: 146,ID: 43
Fname: 784,Lname: 1053,City: 507,ID: 890
Fname: 1131,Lname: 1057,City: 1112,ID: 1393
Fname: 195,Lname: 87,City: 1355,ID: 592
Fname: 920,Lname: 312,City: 1435,ID: 1385
Fname: 859,Lname: 89,City: 344,ID: 1498
Fname: 1486,Lname: 537,City: 1469,ID: 985
Fname: 762,Lname: 341,City: 43,ID: 477
Fname: 869,Lname: 838,City: 1474,ID: 40
Fname: 1462,Lname: 99,City: 530,ID: 1467
Fname: 1009,Lname: 1281,City: 1121,ID: 1110
Fname: 1469,Lname: 292,City: 1091,ID: 826
Fname: 1042,Lname: 907,City: 1254,ID: 483
Fname: 440,Lname: 1130,City: 55,ID: 705
Fname: 1453,Lname: 663,City: 1295,ID: 1182
Fname: 904,Lname: 863,City: 449,ID: 577
Fname: 1375,Lname: 329,City: 1459,ID: 1196
Fname: 102,Lname: 1487,City: 574,ID: 1108
Fname: 735,Lname: 587,City: 1040,ID: 683
Fname: 734,Lname: 1291,City: 217,ID: 122
Fname: 891,Lname: 1462,City: 1187,ID: 1033
Fname: 215,Lname: 878,City: 440,ID: 382
Fname: 1061,Lname: 1404,City: 797,ID: 1088
Fname: 1053,Lname: 584,City: 924,ID: 416
Fname: 42,Lname: 254,City: 264,ID: 800
Fname: 1100,Lname: 980,City: 704,ID: 35
Fname: 863,Lname: 1454,City: 41,ID: 825
Fname: 1338,Lname: 201,City: 116,ID: 569
Fname: 1135,Lname: 116,City: 860,ID: 493
Fname: 179,Lname: 577,City: 1393,ID: 285
Fname: 1252,Lname: 17,City: 1249,ID: 998
Fname: 642,Lname: 451,City: 81,ID: 990
Fname: 908,Lname: 855,City: 399,ID: 472
Fname: 49,Lname: 740,City: 1362,ID: 175
Fname: 777,Lname: 1207,City: 1251,ID: 116
Fname: 498,Lname: 1120,City: 1437,ID: 994
Fname: 374,Lname: 50,City: 1278,ID: 1355
Fname: 401,Lname: 1423,City: 1150,ID: 1161
Fname: 1343,Lname: 855,City: 32,ID: 1347
Fname: 230,Lname: 744,City: 1328,ID: 1439
Fname: 1400,Lname: 1361,City: 1327,ID: 409
Fname: 671,Lname: 977,City: 1280,ID: 442
Fname: 649,Lname: 39,City: 825,ID: 951
Fname: 141,Lname: 1209,City: 1207,ID: 1159
Fname: 495,Lname: 217,City: 570,ID: 561
Fname: 1028,Lname: 1251,City: 856,ID: 612
Fname: 1496,Lname: 1272,City: 738,ID: 302
Fname: 1121,Lname: 1097,City: 1018,ID: 908
Fname: 599,Lname: 561,City: 347,ID: 754
Fname: 1016,Lname: 14,City: 596,ID: 222
Fname: 726,Lname: 256,City: 735,ID: 1091
Fname: 1249,Lname: 827,City: 625,ID: 189
Fname: 235,Lname: 449,City: 88,ID: 110
Fname: 935,Lname: 121,City: 1189,ID: 530
Fname: 782,Lname: 401,City: 1275,ID: 1382
Fname: 1361,Lname: 1012,City: 605,ID: 1267
Fname: 834,Lname: 443,City: 154,ID: 437
Fname: 916,Lname: 1017,City: 1291,ID: 579
Fname: 1379,Lname: 1249,City: 1301,ID: 413
Fname: 1185,Lname: 422,City: 873,ID: 1295
Fname: 155,Lname: 281,City: 1070,ID: 1375
Fname: 598,Lname: 1108,City: 239,ID: 177
Fname: 1280,Lname: 881,City: 191,ID: 267
Fname: 145,Lname: 1404,City: 585,ID: 803
Fname: 783,Lname: 1305,City: 606,ID: 1170
Fname: 1161,Lname: 1105,City: 1167,ID: 1398
Fname: 939,Lname: 69,City: 136,ID: 607
Fname: 1288,Lname: 617,City: 162,ID: 1309
Fname: 201,Lname: 260,City: 30,ID: 98
Fname: 827,Lname: 1206,City: 261,ID: 1290
Fname: 1075,Lname: 375,City: 184,ID: 777
Fname: 992,Lname: 515,City: 31,ID: 632
Fname: 1451,Lname: 982,City: 1201,ID: 852
Fname: 344,Lname: 723,City: 264,ID: 351
Fname: 96,Lname: 728,City: 978,ID: 1098
Fname: 706,Lname: 1066,City: 543,ID: 895
Fname: 1042,Lname: 422,City: 125,ID: 17
Fname: 880,Lname: 307,City: 1130,ID: 1450
Fname: 1307,Lname: 387,City: 344,ID: 522
Fname: 1344,Lname: 1015,City: 366,ID: 233
Fname: 1269,Lname: 25,City: 414,ID: 799
Fname: 357,Lname: 1277,City: 567,ID: 229
Fname: 343,Lname: 897,City: 675,ID: 602
Fname: 1105,Lname: 983,City: 1401,ID: 1424
Fname: 109,Lname: 1458,City: 536,ID: 95
Fname: 230,Lname: 1408,City: 280,ID: 554
Fname: 1228,Lname: 667,City: 735,ID: 246
Fname: 1306,Lname: 982,City: 1120,ID: 1349
Fname: 200,Lname: 1378,City: 280,ID: 501
Fname: 1342,Lname: 1389,City: 459,ID: 916
Fname: 656,Lname: 187,City: 507,ID: 699
Fname: 389,Lname: 1149,City: 847,ID: 373
Fname: 409,Lname: 1041,City: 200,ID: 1220
Fname: 326,Lname: 1348,City: 1377,ID: 23
Fname: 593,Lname: 397,City: 1298,ID: 29
Fname: 365,Lname: 1442,City: 404,ID: 1478
Fname: 740,Lname: 1332,City: 617,ID: 885
Fname: 1101,Lname: 650,City: 926,ID: 1212
Fname: 536,Lname: 1365,City: 582,ID: 1319
Fname: 579,Lname: 22,City: 979,ID: 215
Fname: 1402,Lname: 603,City: 1222,ID: 1174
Fname: 172,Lname: 1467,City: 139,ID: 1354
Fname: 998,Lname: 235,City: 1266,ID: 506
Fname: 29,Lname: 931,City: 1133,ID: 1046
Fname: 375,Lname: 365,City: 1033,ID: 539
Fname: 1059,Lname: 694,City: 1000,ID: 1158
Fname: 1453,Lname: 561,City: 1131,ID: 756
Fname: 71,Lname: 124,City: 670,ID: 1198
Fname: 93,Lname: 666,City: 424,ID: 966
Fname: 1447,Lname: 1202,City: 67,ID: 1019
Fname: 490,Lname: 1444,City: 1046,ID: 1304
Fname: 848,Lname: 1143,City: 1366,ID: 1350
Fname: 445,Lname: 1053,City: 663,ID: 450
Fname: 259,Lname: 891,City: 370,ID: 1366
Fname: 325,Lname: 1164,City: 410,ID: 259
Fname: 514,Lname: 1039,City: 1302,ID: 560
Fname: 244,Lname: 103,City: 254,ID: 1251
Fname: 1127,Lname: 514,City: 1215,ID: 312
Fname: 502,Lname: 543,City: 1251,ID: 271
Fname: 737,Lname: 818,City: 91,ID: 1382
Fname: 342,Lname: 760,City: 339,ID: 63
Fname: 680,Lname: 1057,City: 143,ID: 1092
Fname: 242,Lname: 1365,City: 384,ID: 404
Fname: 733,Lname: 1162,City: 1147,ID: 207
Fname: 801,Lname: 494,City: 394,ID: 369
Fname: 1069,Lname: 50,City: 1305,ID: 1029
Fname: 14,Lname: 374,City: 612,ID: 315
Fname: 274,Lname: 662,City: 15,ID: 1281
Fname: 253,Lname: 132,City: 985,ID: 989
Fname: 1024,Lname: 41,City: 910,ID: 515
Fname: 1245,Lname: 484,City: 765,ID: 14
Fname: 1008,Lname: 423,City: 1329,ID: 265
Fname: 1235,Lname: 1278,City: 156,ID: 1190
Fname: 321,Lname: 237,City: 1274,ID: 531
Fname: 171,Lname: 211,City: 881,ID: 1122
Fname: 962,Lname: 1045,City: 9,ID: 546
Fname: 452,Lname: 1457,City: 65,ID: 746
Fname: 90,Lname: 354,City: 857,ID: 880
Fname: 1447,Lname: 1420,City: 1474,ID: 190
Fname: 1326,Lname: 1109,City: 1119,ID: 823
Fname: 480,Lname: 426,City: 973,ID: 922
Fname: 390,Lname: 1327,City: 1302,ID: 1064
Fname: 480,Lname: 1146,City: 1223,ID: 769
Fname: 182,Lname: 1154,City: 200,ID: 1214
Fname: 1327,Lname: 165,City: 301,ID: 99
Fname: 598,Lname: 301,City: 1380,ID: 662
Fname: 1285,Lname: 19,City: 505,ID: 898
Fname: 801,Lname: 892,City: 1285,ID: 1261
Fname: 828,Lname: 1003,City: 218,ID: 800
